{
  "punti": [
    [
      127.47540983606558,
      40.402877697841724
    ],
    [
      94.42622950819673,
      49.726618705035975
    ],
    [
      61.377049180327866,
      77.6978417266187
    ],
    [
      75.27868852459017,
      98.93525179856115
    ],
    [
      156.0655737704918,
      124.05755395683454
    ],
    [
      184.91803278688525,
      81.06474820143885
    ],
    [
      26.453073338319214,
      58.57505084843213
    ],
    [
      34.56037587185125,
      22.786954053141084
    ],
    [
      62.9359347392134,
      14.54627387001486
    ],
    [
      95.36514487334156,
      21.13881801651584
    ],
    [
      69.85098690016721,
      38.09107439323265
    ],
    [
      96.31894517140415,
      39.97465843509007
    ]
  ],
  "aree": [
    {
      "punti": [
        0,
        1,
        2,
        3,
        4,
        5
      ],
      "tipo": 1,
      "z": 0,
      "segmenti_solidi": [],
      "collisione_totale": false
    },
    {
      "punti": [
        6,
        7,
        8,
        9,
        10,
        11,
        0,
        1,
        2
      ],
      "tipo": 2,
      "z": 0,
      "segmenti_solidi": [],
      "collisione_totale": false
    }
  ]
}